{
    "depth_clustering": {
        "angle_clustering": 10,
        "angle_ground_removal": 9,
        "size_cluster_min": 10,
        "size_cluster_max": 20000,
        "size_smooth_window": 5,
        "bounding_box_type": "cube",
        "dataset_file_type": ".tiff"
    },
    "lidar_projection": {
        "horizontal_steps": 382,
        "beams": 64,
        "horizontal_angle_start": 26,
        "horizontal_angle_end": -26,
        "beam_inclinations": [
            2.373085019634966,
            2.1925694762691803,
            2.028855782189757,
            1.8529853743986213,
            1.6771101751574922,
            1.5157810431035936,
            1.361401218545909,
            1.1865792861612214,
            1.0216460177288262,
            0.8432852710245787,
            0.6735258474876905,
            0.5167595770398195,
            0.36547004071738837,
            0.1931682717949195,
            0.017692439026944205,
            -0.15552406927290205,
            -0.3198349993996532,
            -0.4734207612071342,
            -0.6377454423478178,
            -0.8137325693209282,
            -0.9678284550149262,
            -1.1480102434491448,
            -1.3109847492202698,
            -1.4939273785630809,
            -1.6779382006906205,
            -1.8874787314247803,
            -2.111737752481116,
            -2.33400267370193,
            -2.565872762044318,
            -2.796260000817351,
            -3.052698508969581,
            -3.3249356257578944,
            -3.5916640137513904,
            -3.9117893178857526,
            -4.178625249931577,
            -4.477994270050016,
            -4.797770906138826,
            -5.134366583580321,
            -5.463276055584753,
            -5.812299161110655,
            -6.1989575449456105,
            -6.572094243469701,
            -6.957275073587413,
            -7.38281269585857,
            -7.786751534420272,
            -8.205951728269117,
            -8.626443023853007,
            -9.050317914142422,
            -9.511349525713308,
            -9.972773970769245,
            -10.45477858092176,
            -10.931101580927393,
            -11.419560908420275,
            -11.899367678853153,
            -12.451145941453092,
            -12.97964558999862,
            -13.510940401518797,
            -14.060674143030914,
            -14.607584303717765,
            -15.143792943846554,
            -15.739249603003495,
            -16.353871052972483,
            -16.966419593594924,
            -17.59039995543897
        ]
    },
    "camera_projection": {
        "intrinsic": [
            2061.4522905395297,
            2061.4522905395297,
            939.8783008895555,
            659.9770064359514,
            0.05138745787883552,
            -0.34219100085856835,
            0.00034570040334582815,
            -0.00032413807927749675,
            0.0
        ],
        "extrinsic": [
            0.9999800411229229,
            -0.004686303786545186,
            0.004237441753881835,
            1.5441706712617507,
            0.004656941113734967,
            0.9999652620526029,
            0.006912856683918721,
            -0.023258443871763408,
            -0.0042696903003067825,
            -0.006892985194341205,
            0.9999671277096313,
            2.115673761231096,
            0.0,
            0.0,
            0.0,
            1.0
        ],
        "width": 1920,
        "height": 1280,
        "filter_height": 0,
        "filter_tunnel_left": 10,
        "filter_tunnel_right": 10,
        "filter_tunnel_front": 75,
        "correct_distortions": false,
        "use_filter_height": false,
        "use_filter_tunnel": true
    },
    "logger": {
        "log_path": "./",
        "log_file_name_cude": "depth_clustering_detection_cube.json",
        "log_file_name_polygon": "depth_clustering_detection_polygon.json",
        "log_file_name_flat": "depth_clustering_detection_flat.json",
        "log": true
    }
}