{
    "depth_clustering": {
        "distance_clustering": 5,
        "angle_clustering": 10,
        "angle_ground_removal": 9,
        "size_cluster_min": 10,
        "size_cluster_max": 20000,
        "size_smooth_window": 5,
        "use_camera_fov": false,
        "bounding_box_type": "cube",
        "difference_type": "angles_precomputed",
        "dataset_file_type": ".png",
        "dataset_name": "scenario_1",
        "ground_truth_cube_file_name": "waymo_ground_truth_cube.json",
        "ground_truth_flat_file_name": "waymo_ground_truth_flat.json"
    },
    "lidar_projection": {
        "horizontal_steps": 870,
        "beams": 64,
        "horizontal_angle_start": 180,
        "horizontal_angle_end": -180,
        "beam_inclinations": [
			1.9367,
			1.57397,
            1.30476,
            0.871566,
            0.57881,
            0.180617,
            -0.088762,
            -0.451829,
            -0.80315,
            -1.20124,
            -1.49388,
            -1.83324,
            -2.20757,
            -2.54663,
            -2.87384,
            -3.23588,
            -3.53933,
            -3.93585,
            -4.21552,
            -4.5881,
            -4.91379,
            -5.25078,
            -5.6106,
            -5.9584,
            -6.32889,
            -6.67575,
            -6.99904,
            -7.28731,
            -7.67877,
            -8.05803,
            -8.31047,
            -8.71141,
            -9.02602,
            -9.57351,
            -10.0625,
            -10.4707,
            -10.9569,
            -11.599,
            -12.115,
            -12.5621,
            -13.041,
            -13.4848,
            -14.0483,
            -14.5981,
            -15.1887,
            -15.6567,
            -16.1766,
            -16.554,
            -17.1868,
            -17.7304,
            -18.3234,
            -18.7971,
            -19.3202,
            -19.7364,
            -20.2226,
            -20.7877,
            -21.3181,
            -21.9355,
            -22.4376,
            -22.8566,
            -23.3224,
            -23.971,
            -24.5066,
            -24.9992
        ],
        "extrinsic": [
            0.0,
            0.0,
            0.0,
            0.0,
            0.0,
            0.0,
            0.0,
            0.0,
            0.0,
            0.0,
            0.0,
            0.0,
            0.0,
            0.0,
            0.0,
            0.0,
        ]
    },
	"camera_projection": {
        "intrinsic": [
            0.0,
            0.0,
            0.0,
            0.0,
            0.0,
            0.0,
            0.0,
            0.0,
            0.0
        ],
        "extrinsic": [
            0.0,
            0.0,
            0.0,
            0.0,
            0.0,
            0.0,
            0.0,
            0.0,
            0.0,
            0.0,
            0.0,
            0.0,
            0.0,
            0.0,
            0.0,
            0.0
        ],
        "width": 0,
        "height": 0,
        "field_of_view_angle_start": 180,
        "field_of_view_angle_end": -180,
        "threshold_truncation": 0,
        "threshold_filter_height": 0,
        "threshold_filter_tunnel_left": 0,
        "threshold_filter_tunnel_right": 0,
        "threshold_filter_tunnel_front": 0,
        "correct_distortions": false,
        "use_filter_height": false,
        "use_filter_tunnel": false
    },
    "logger": {
        "log_path": "./",
        "log_file_name_cube": "depth_clustering_detection_cube.json",
        "log_file_name_polygon": "depth_clustering_detection_polygon.json",
        "log_file_name_flat": "depth_clustering_detection_flat.json",
        "log": true
    }
}
